--
-- PostgreSQL database dump
--

-- Dumped from database version 14.7 (Debian 14.7-1.pgdg110+1)
-- Dumped by pg_dump version 14.7 (Debian 14.7-1.pgdg110+1)

SET statement_timeout = 0;
SET lock_timeout = 0;
SET idle_in_transaction_session_timeout = 0;
SET client_encoding = 'UTF8';
SET standard_conforming_strings = on;
SELECT pg_catalog.set_config('search_path', '', false);
SET check_function_bodies = false;
SET xmloption = content;
SET client_min_messages = warning;
SET row_security = off;

SET default_tablespace = '';

SET default_table_access_method = heap;

--
-- Name: auth_group; Type: TABLE; Schema: public; Owner: centribaluser
--

CREATE TABLE public.auth_group (
    id integer NOT NULL,
    name character varying(150) NOT NULL
);


ALTER TABLE public.auth_group OWNER TO centribaluser;

--
-- Name: auth_group_id_seq; Type: SEQUENCE; Schema: public; Owner: centribaluser
--

ALTER TABLE public.auth_group ALTER COLUMN id ADD GENERATED BY DEFAULT AS IDENTITY (
    SEQUENCE NAME public.auth_group_id_seq
    START WITH 1
    INCREMENT BY 1
    NO MINVALUE
    NO MAXVALUE
    CACHE 1
);


--
-- Name: auth_group_permissions; Type: TABLE; Schema: public; Owner: centribaluser
--

CREATE TABLE public.auth_group_permissions (
    id bigint NOT NULL,
    group_id integer NOT NULL,
    permission_id integer NOT NULL
);


ALTER TABLE public.auth_group_permissions OWNER TO centribaluser;

--
-- Name: auth_group_permissions_id_seq; Type: SEQUENCE; Schema: public; Owner: centribaluser
--

ALTER TABLE public.auth_group_permissions ALTER COLUMN id ADD GENERATED BY DEFAULT AS IDENTITY (
    SEQUENCE NAME public.auth_group_permissions_id_seq
    START WITH 1
    INCREMENT BY 1
    NO MINVALUE
    NO MAXVALUE
    CACHE 1
);


--
-- Name: auth_permission; Type: TABLE; Schema: public; Owner: centribaluser
--

CREATE TABLE public.auth_permission (
    id integer NOT NULL,
    name character varying(255) NOT NULL,
    content_type_id integer NOT NULL,
    codename character varying(100) NOT NULL
);


ALTER TABLE public.auth_permission OWNER TO centribaluser;

--
-- Name: auth_permission_id_seq; Type: SEQUENCE; Schema: public; Owner: centribaluser
--

ALTER TABLE public.auth_permission ALTER COLUMN id ADD GENERATED BY DEFAULT AS IDENTITY (
    SEQUENCE NAME public.auth_permission_id_seq
    START WITH 1
    INCREMENT BY 1
    NO MINVALUE
    NO MAXVALUE
    CACHE 1
);


--
-- Name: authtoken_token; Type: TABLE; Schema: public; Owner: centribaluser
--

CREATE TABLE public.authtoken_token (
    key character varying(40) NOT NULL,
    created timestamp with time zone NOT NULL,
    user_id bigint NOT NULL
);


ALTER TABLE public.authtoken_token OWNER TO centribaluser;

--
-- Name: django_admin_log; Type: TABLE; Schema: public; Owner: centribaluser
--

CREATE TABLE public.django_admin_log (
    id integer NOT NULL,
    action_time timestamp with time zone NOT NULL,
    object_id text,
    object_repr character varying(200) NOT NULL,
    action_flag smallint NOT NULL,
    change_message text NOT NULL,
    content_type_id integer,
    user_id bigint NOT NULL,
    CONSTRAINT django_admin_log_action_flag_check CHECK ((action_flag >= 0))
);


ALTER TABLE public.django_admin_log OWNER TO centribaluser;

--
-- Name: django_admin_log_id_seq; Type: SEQUENCE; Schema: public; Owner: centribaluser
--

ALTER TABLE public.django_admin_log ALTER COLUMN id ADD GENERATED BY DEFAULT AS IDENTITY (
    SEQUENCE NAME public.django_admin_log_id_seq
    START WITH 1
    INCREMENT BY 1
    NO MINVALUE
    NO MAXVALUE
    CACHE 1
);


--
-- Name: django_content_type; Type: TABLE; Schema: public; Owner: centribaluser
--

CREATE TABLE public.django_content_type (
    id integer NOT NULL,
    app_label character varying(100) NOT NULL,
    model character varying(100) NOT NULL
);


ALTER TABLE public.django_content_type OWNER TO centribaluser;

--
-- Name: django_content_type_id_seq; Type: SEQUENCE; Schema: public; Owner: centribaluser
--

ALTER TABLE public.django_content_type ALTER COLUMN id ADD GENERATED BY DEFAULT AS IDENTITY (
    SEQUENCE NAME public.django_content_type_id_seq
    START WITH 1
    INCREMENT BY 1
    NO MINVALUE
    NO MAXVALUE
    CACHE 1
);


--
-- Name: django_migrations; Type: TABLE; Schema: public; Owner: centribaluser
--

CREATE TABLE public.django_migrations (
    id bigint NOT NULL,
    app character varying(255) NOT NULL,
    name character varying(255) NOT NULL,
    applied timestamp with time zone NOT NULL
);


ALTER TABLE public.django_migrations OWNER TO centribaluser;

--
-- Name: django_migrations_id_seq; Type: SEQUENCE; Schema: public; Owner: centribaluser
--

ALTER TABLE public.django_migrations ALTER COLUMN id ADD GENERATED BY DEFAULT AS IDENTITY (
    SEQUENCE NAME public.django_migrations_id_seq
    START WITH 1
    INCREMENT BY 1
    NO MINVALUE
    NO MAXVALUE
    CACHE 1
);


--
-- Name: django_rest_passwordreset_resetpasswordtoken; Type: TABLE; Schema: public; Owner: centribaluser
--

CREATE TABLE public.django_rest_passwordreset_resetpasswordtoken (
    created_at timestamp with time zone NOT NULL,
    key character varying(64) NOT NULL,
    ip_address inet,
    user_agent character varying(256) NOT NULL,
    user_id bigint NOT NULL,
    id integer NOT NULL
);


ALTER TABLE public.django_rest_passwordreset_resetpasswordtoken OWNER TO centribaluser;

--
-- Name: django_rest_passwordreset_resetpasswordtoken_id_seq; Type: SEQUENCE; Schema: public; Owner: centribaluser
--

ALTER TABLE public.django_rest_passwordreset_resetpasswordtoken ALTER COLUMN id ADD GENERATED BY DEFAULT AS IDENTITY (
    SEQUENCE NAME public.django_rest_passwordreset_resetpasswordtoken_id_seq
    START WITH 1
    INCREMENT BY 1
    NO MINVALUE
    NO MAXVALUE
    CACHE 1
);


--
-- Name: django_session; Type: TABLE; Schema: public; Owner: centribaluser
--

CREATE TABLE public.django_session (
    session_key character varying(40) NOT NULL,
    session_data text NOT NULL,
    expire_date timestamp with time zone NOT NULL
);


ALTER TABLE public.django_session OWNER TO centribaluser;

--
-- Name: orders_historicalorders; Type: TABLE; Schema: public; Owner: centribaluser
--

CREATE TABLE public.orders_historicalorders (
    id bigint NOT NULL,
    reference uuid NOT NULL,
    price_total numeric(22,2) NOT NULL,
    price_total_tax numeric(22,2) NOT NULL,
    created_date timestamp with time zone NOT NULL,
    modified_date timestamp with time zone NOT NULL,
    history_id integer NOT NULL,
    history_date timestamp with time zone NOT NULL,
    history_change_reason character varying(100),
    history_type character varying(1) NOT NULL,
    history_user_id bigint
);


ALTER TABLE public.orders_historicalorders OWNER TO centribaluser;

--
-- Name: orders_historicalorders_history_id_seq; Type: SEQUENCE; Schema: public; Owner: centribaluser
--

ALTER TABLE public.orders_historicalorders ALTER COLUMN history_id ADD GENERATED BY DEFAULT AS IDENTITY (
    SEQUENCE NAME public.orders_historicalorders_history_id_seq
    START WITH 1
    INCREMENT BY 1
    NO MINVALUE
    NO MAXVALUE
    CACHE 1
);


--
-- Name: orders_orderdetail; Type: TABLE; Schema: public; Owner: centribaluser
--

CREATE TABLE public.orders_orderdetail (
    id bigint NOT NULL,
    quantity integer NOT NULL,
    order_id bigint NOT NULL,
    product_id bigint NOT NULL
);


ALTER TABLE public.orders_orderdetail OWNER TO centribaluser;

--
-- Name: orders_orderdetail_id_seq; Type: SEQUENCE; Schema: public; Owner: centribaluser
--

ALTER TABLE public.orders_orderdetail ALTER COLUMN id ADD GENERATED BY DEFAULT AS IDENTITY (
    SEQUENCE NAME public.orders_orderdetail_id_seq
    START WITH 1
    INCREMENT BY 1
    NO MINVALUE
    NO MAXVALUE
    CACHE 1
);


--
-- Name: orders_orders; Type: TABLE; Schema: public; Owner: centribaluser
--

CREATE TABLE public.orders_orders (
    id bigint NOT NULL,
    reference uuid NOT NULL,
    price_total numeric(22,2) NOT NULL,
    price_total_tax numeric(22,2) NOT NULL,
    created_date timestamp with time zone NOT NULL,
    modified_date timestamp with time zone NOT NULL
);


ALTER TABLE public.orders_orders OWNER TO centribaluser;

--
-- Name: orders_orders_id_seq; Type: SEQUENCE; Schema: public; Owner: centribaluser
--

ALTER TABLE public.orders_orders ALTER COLUMN id ADD GENERATED BY DEFAULT AS IDENTITY (
    SEQUENCE NAME public.orders_orders_id_seq
    START WITH 1
    INCREMENT BY 1
    NO MINVALUE
    NO MAXVALUE
    CACHE 1
);


--
-- Name: products_historicalproducts; Type: TABLE; Schema: public; Owner: centribaluser
--

CREATE TABLE public.products_historicalproducts (
    id bigint NOT NULL,
    reference character varying(20) NOT NULL,
    name character varying(30) NOT NULL,
    description text NOT NULL,
    price numeric(12,2) NOT NULL,
    tax numeric(4,2) NOT NULL,
    stock integer NOT NULL,
    status boolean NOT NULL,
    created_date timestamp with time zone NOT NULL,
    modified_date timestamp with time zone NOT NULL,
    history_id integer NOT NULL,
    history_date timestamp with time zone NOT NULL,
    history_change_reason character varying(100),
    history_type character varying(1) NOT NULL,
    history_user_id bigint
);


ALTER TABLE public.products_historicalproducts OWNER TO centribaluser;

--
-- Name: products_historicalproducts_history_id_seq; Type: SEQUENCE; Schema: public; Owner: centribaluser
--

ALTER TABLE public.products_historicalproducts ALTER COLUMN history_id ADD GENERATED BY DEFAULT AS IDENTITY (
    SEQUENCE NAME public.products_historicalproducts_history_id_seq
    START WITH 1
    INCREMENT BY 1
    NO MINVALUE
    NO MAXVALUE
    CACHE 1
);


--
-- Name: products_products; Type: TABLE; Schema: public; Owner: centribaluser
--

CREATE TABLE public.products_products (
    id bigint NOT NULL,
    reference character varying(20) NOT NULL,
    name character varying(30) NOT NULL,
    description text NOT NULL,
    price numeric(12,2) NOT NULL,
    tax numeric(4,2) NOT NULL,
    stock integer NOT NULL,
    status boolean NOT NULL,
    created_date timestamp with time zone NOT NULL,
    modified_date timestamp with time zone NOT NULL
);


ALTER TABLE public.products_products OWNER TO centribaluser;

--
-- Name: products_products_id_seq; Type: SEQUENCE; Schema: public; Owner: centribaluser
--

ALTER TABLE public.products_products ALTER COLUMN id ADD GENERATED BY DEFAULT AS IDENTITY (
    SEQUENCE NAME public.products_products_id_seq
    START WITH 1
    INCREMENT BY 1
    NO MINVALUE
    NO MAXVALUE
    CACHE 1
);


--
-- Name: users_historicaluserprofile; Type: TABLE; Schema: public; Owner: centribaluser
--

CREATE TABLE public.users_historicaluserprofile (
    id bigint NOT NULL,
    password character varying(128) NOT NULL,
    last_login timestamp with time zone,
    is_superuser boolean NOT NULL,
    username character varying(150) NOT NULL,
    first_name character varying(150) NOT NULL,
    last_name character varying(150) NOT NULL,
    is_staff boolean NOT NULL,
    is_active boolean NOT NULL,
    date_joined timestamp with time zone NOT NULL,
    email character varying(254) NOT NULL,
    address character varying(255),
    zip_code integer,
    birth_date date,
    phone_number character varying(128),
    type_user integer NOT NULL,
    status boolean NOT NULL,
    created_date timestamp with time zone NOT NULL,
    modified_date timestamp with time zone NOT NULL,
    history_id integer NOT NULL,
    history_date timestamp with time zone NOT NULL,
    history_change_reason character varying(100),
    history_type character varying(1) NOT NULL,
    history_user_id bigint
);


ALTER TABLE public.users_historicaluserprofile OWNER TO centribaluser;

--
-- Name: users_historicaluserprofile_history_id_seq; Type: SEQUENCE; Schema: public; Owner: centribaluser
--

ALTER TABLE public.users_historicaluserprofile ALTER COLUMN history_id ADD GENERATED BY DEFAULT AS IDENTITY (
    SEQUENCE NAME public.users_historicaluserprofile_history_id_seq
    START WITH 1
    INCREMENT BY 1
    NO MINVALUE
    NO MAXVALUE
    CACHE 1
);


--
-- Name: users_userprofile; Type: TABLE; Schema: public; Owner: centribaluser
--

CREATE TABLE public.users_userprofile (
    id bigint NOT NULL,
    password character varying(128) NOT NULL,
    last_login timestamp with time zone,
    is_superuser boolean NOT NULL,
    username character varying(150) NOT NULL,
    first_name character varying(150) NOT NULL,
    last_name character varying(150) NOT NULL,
    is_staff boolean NOT NULL,
    is_active boolean NOT NULL,
    date_joined timestamp with time zone NOT NULL,
    email character varying(254) NOT NULL,
    address character varying(255),
    zip_code integer,
    birth_date date,
    phone_number character varying(128),
    type_user integer NOT NULL,
    status boolean NOT NULL,
    created_date timestamp with time zone NOT NULL,
    modified_date timestamp with time zone NOT NULL
);


ALTER TABLE public.users_userprofile OWNER TO centribaluser;

--
-- Name: users_userprofile_groups; Type: TABLE; Schema: public; Owner: centribaluser
--

CREATE TABLE public.users_userprofile_groups (
    id bigint NOT NULL,
    userprofile_id bigint NOT NULL,
    group_id integer NOT NULL
);


ALTER TABLE public.users_userprofile_groups OWNER TO centribaluser;

--
-- Name: users_userprofile_groups_id_seq; Type: SEQUENCE; Schema: public; Owner: centribaluser
--

ALTER TABLE public.users_userprofile_groups ALTER COLUMN id ADD GENERATED BY DEFAULT AS IDENTITY (
    SEQUENCE NAME public.users_userprofile_groups_id_seq
    START WITH 1
    INCREMENT BY 1
    NO MINVALUE
    NO MAXVALUE
    CACHE 1
);


--
-- Name: users_userprofile_id_seq; Type: SEQUENCE; Schema: public; Owner: centribaluser
--

ALTER TABLE public.users_userprofile ALTER COLUMN id ADD GENERATED BY DEFAULT AS IDENTITY (
    SEQUENCE NAME public.users_userprofile_id_seq
    START WITH 1
    INCREMENT BY 1
    NO MINVALUE
    NO MAXVALUE
    CACHE 1
);


--
-- Name: users_userprofile_user_permissions; Type: TABLE; Schema: public; Owner: centribaluser
--

CREATE TABLE public.users_userprofile_user_permissions (
    id bigint NOT NULL,
    userprofile_id bigint NOT NULL,
    permission_id integer NOT NULL
);


ALTER TABLE public.users_userprofile_user_permissions OWNER TO centribaluser;

--
-- Name: users_userprofile_user_permissions_id_seq; Type: SEQUENCE; Schema: public; Owner: centribaluser
--

ALTER TABLE public.users_userprofile_user_permissions ALTER COLUMN id ADD GENERATED BY DEFAULT AS IDENTITY (
    SEQUENCE NAME public.users_userprofile_user_permissions_id_seq
    START WITH 1
    INCREMENT BY 1
    NO MINVALUE
    NO MAXVALUE
    CACHE 1
);


--
-- Data for Name: auth_group; Type: TABLE DATA; Schema: public; Owner: centribaluser
--

COPY public.auth_group (id, name) FROM stdin;
\.


--
-- Data for Name: auth_group_permissions; Type: TABLE DATA; Schema: public; Owner: centribaluser
--

COPY public.auth_group_permissions (id, group_id, permission_id) FROM stdin;
\.


--
-- Data for Name: auth_permission; Type: TABLE DATA; Schema: public; Owner: centribaluser
--

COPY public.auth_permission (id, name, content_type_id, codename) FROM stdin;
1	Can add log entry	1	add_logentry
2	Can change log entry	1	change_logentry
3	Can delete log entry	1	delete_logentry
4	Can view log entry	1	view_logentry
5	Can add permission	2	add_permission
6	Can change permission	2	change_permission
7	Can delete permission	2	delete_permission
8	Can view permission	2	view_permission
9	Can add group	3	add_group
10	Can change group	3	change_group
11	Can delete group	3	delete_group
12	Can view group	3	view_group
13	Can add content type	4	add_contenttype
14	Can change content type	4	change_contenttype
15	Can delete content type	4	delete_contenttype
16	Can view content type	4	view_contenttype
17	Can add session	5	add_session
18	Can change session	5	change_session
19	Can delete session	5	delete_session
20	Can view session	5	view_session
21	Can add Token	6	add_token
22	Can change Token	6	change_token
23	Can delete Token	6	delete_token
24	Can view Token	6	view_token
25	Can add token	7	add_tokenproxy
26	Can change token	7	change_tokenproxy
27	Can delete token	7	delete_tokenproxy
28	Can view token	7	view_tokenproxy
29	Can add Password Reset Token	8	add_resetpasswordtoken
30	Can change Password Reset Token	8	change_resetpasswordtoken
31	Can delete Password Reset Token	8	delete_resetpasswordtoken
32	Can view Password Reset Token	8	view_resetpasswordtoken
33	Can add User	9	add_userprofile
34	Can change User	9	change_userprofile
35	Can delete User	9	delete_userprofile
36	Can view User	9	view_userprofile
37	Can add historical User	10	add_historicaluserprofile
38	Can change historical User	10	change_historicaluserprofile
39	Can delete historical User	10	delete_historicaluserprofile
40	Can view historical User	10	view_historicaluserprofile
41	Can add Product	11	add_products
42	Can change Product	11	change_products
43	Can delete Product	11	delete_products
44	Can view Product	11	view_products
45	Can add historical Product	12	add_historicalproducts
46	Can change historical Product	12	change_historicalproducts
47	Can delete historical Product	12	delete_historicalproducts
48	Can view historical Product	12	view_historicalproducts
49	Can add order detail	13	add_orderdetail
50	Can change order detail	13	change_orderdetail
51	Can delete order detail	13	delete_orderdetail
52	Can view order detail	13	view_orderdetail
53	Can add Order	14	add_orders
54	Can change Order	14	change_orders
55	Can delete Order	14	delete_orders
56	Can view Order	14	view_orders
57	Can add historical Order	15	add_historicalorders
58	Can change historical Order	15	change_historicalorders
59	Can delete historical Order	15	delete_historicalorders
60	Can view historical Order	15	view_historicalorders
\.


--
-- Data for Name: authtoken_token; Type: TABLE DATA; Schema: public; Owner: centribaluser
--

COPY public.authtoken_token (key, created, user_id) FROM stdin;
9137f723fb07fc93167b3fc0d20d7ad69e682a46	2023-05-10 01:35:16.594702+00	1
bb607a08c032cf5ea8ee8a28dd6af40de81bd318	2023-05-10 09:08:53.237468+00	9
\.


--
-- Data for Name: django_admin_log; Type: TABLE DATA; Schema: public; Owner: centribaluser
--

COPY public.django_admin_log (id, action_time, object_id, object_repr, action_flag, change_message, content_type_id, user_id) FROM stdin;
1	2023-05-10 02:50:53.816634+00	2	rogerzavarce@gmail.com	3		9	1
2	2023-05-10 02:52:26.436119+00	3	rogerzavarce@gmail.com	3		9	1
3	2023-05-10 02:57:04.607673+00	4	rogerzavarce@gmail.com	3		9	1
4	2023-05-10 03:02:42.374726+00	5	rogerzavarce@gmail.com	3		9	1
5	2023-05-10 03:24:40.373222+00	6	rogerzavarce@gmail.com	3		9	1
6	2023-05-10 03:45:07.016986+00	7	rogerzavarce@gmail.com	3		9	1
7	2023-05-10 06:15:50.000693+00	8	rogerzavarce@gmail.com	2	[{"changed": {"fields": ["Superuser status", "Phone Number"]}}]	9	1
8	2023-05-10 06:16:31.125149+00	8	rogerzavarce@gmail.com	3		9	1
9	2023-05-10 06:20:08.960617+00	9	rogerzavarce@gmail.com	2	[{"changed": {"fields": ["Superuser status", "Phone Number"]}}]	9	1
\.


--
-- Data for Name: django_content_type; Type: TABLE DATA; Schema: public; Owner: centribaluser
--

COPY public.django_content_type (id, app_label, model) FROM stdin;
1	admin	logentry
2	auth	permission
3	auth	group
4	contenttypes	contenttype
5	sessions	session
6	authtoken	token
7	authtoken	tokenproxy
8	django_rest_passwordreset	resetpasswordtoken
9	users	userprofile
10	users	historicaluserprofile
11	products	products
12	products	historicalproducts
13	orders	orderdetail
14	orders	orders
15	orders	historicalorders
\.


--
-- Data for Name: django_migrations; Type: TABLE DATA; Schema: public; Owner: centribaluser
--

COPY public.django_migrations (id, app, name, applied) FROM stdin;
1	contenttypes	0001_initial	2023-05-09 22:58:45.687152+00
2	contenttypes	0002_remove_content_type_name	2023-05-09 22:58:45.711516+00
3	auth	0001_initial	2023-05-09 22:58:45.77734+00
4	auth	0002_alter_permission_name_max_length	2023-05-09 22:58:45.788211+00
5	auth	0003_alter_user_email_max_length	2023-05-09 22:58:45.802609+00
6	auth	0004_alter_user_username_opts	2023-05-09 22:58:45.815873+00
7	auth	0005_alter_user_last_login_null	2023-05-09 22:58:45.827686+00
8	auth	0006_require_contenttypes_0002	2023-05-09 22:58:45.840989+00
9	auth	0007_alter_validators_add_error_messages	2023-05-09 22:58:45.852614+00
10	auth	0008_alter_user_username_max_length	2023-05-09 22:58:45.863618+00
11	auth	0009_alter_user_last_name_max_length	2023-05-09 22:58:45.880113+00
12	auth	0010_alter_group_name_max_length	2023-05-09 22:58:45.894563+00
13	auth	0011_update_proxy_permissions	2023-05-09 22:58:45.908242+00
14	auth	0012_alter_user_first_name_max_length	2023-05-09 22:58:45.919729+00
15	users	0001_initial	2023-05-09 22:58:46.065731+00
16	admin	0001_initial	2023-05-09 22:58:46.112531+00
17	admin	0002_logentry_remove_auto_add	2023-05-09 22:58:46.141648+00
18	admin	0003_logentry_add_action_flag_choices	2023-05-09 22:58:46.167943+00
19	authtoken	0001_initial	2023-05-09 22:58:46.203043+00
20	authtoken	0002_auto_20160226_1747	2023-05-09 22:58:46.261455+00
21	authtoken	0003_tokenproxy	2023-05-09 22:58:46.271425+00
22	django_rest_passwordreset	0001_initial	2023-05-09 22:58:46.306695+00
23	django_rest_passwordreset	0002_pk_migration	2023-05-09 22:58:46.453393+00
24	django_rest_passwordreset	0003_allow_blank_and_null_fields	2023-05-09 22:58:46.489014+00
25	products	0001_initial	2023-05-09 22:58:46.545764+00
26	orders	0001_initial	2023-05-09 22:58:46.628796+00
27	orders	0002_alter_orderdetail_quantity	2023-05-09 22:58:46.644813+00
28	sessions	0001_initial	2023-05-09 22:58:46.674507+00
\.


--
-- Data for Name: django_rest_passwordreset_resetpasswordtoken; Type: TABLE DATA; Schema: public; Owner: centribaluser
--

COPY public.django_rest_passwordreset_resetpasswordtoken (created_at, key, ip_address, user_agent, user_id, id) FROM stdin;
2023-05-10 06:13:52.326522+00	0895495077aa	172.19.0.1	Mozilla/5.0 (Macintosh; Intel Mac OS X 10_15_7) AppleWebKit/537.36 (KHTML, like Gecko) Chrome/112.0.0.0 Safari/537.36	1	1
\.


--
-- Data for Name: django_session; Type: TABLE DATA; Schema: public; Owner: centribaluser
--

COPY public.django_session (session_key, session_data, expire_date) FROM stdin;
2xu1fyuv5lsy1g3edzykrq3gi67d1xev	.eJxVjEEOwiAQRe_C2hBmCgVduvcMZGBAqgaS0q6Md7dNutDtf-_9t_C0LsWvPc1-YnERZ3H63QLFZ6o74AfVe5Ox1WWegtwVedAub43T63q4fweFetlqRYA4RLI5GMSknHGRDRp2zEw0gI0wOtCAQQMYxWB1ttra0eWNDuLzBdaUNv4:1pwe9L:fZtEey-NG9hqUjP9qZ1u5WjIYO3FSj8nWWlS0ahQUB4	2023-05-24 07:22:11.018063+00
\.


--
-- Data for Name: orders_historicalorders; Type: TABLE DATA; Schema: public; Owner: centribaluser
--

COPY public.orders_historicalorders (id, reference, price_total, price_total_tax, created_date, modified_date, history_id, history_date, history_change_reason, history_type, history_user_id) FROM stdin;
1	d8cf7d13-66e0-434c-85cd-6808c86c6324	0.00	0.00	2023-05-10 09:12:46.63328+00	2023-05-10 09:12:46.633308+00	1	2023-05-10 09:12:46.652131+00	\N	+	\N
1	d8cf7d13-66e0-434c-85cd-6808c86c6324	10.00	11.20	2023-05-10 09:12:46.63328+00	2023-05-10 09:12:46.633308+00	2	2023-05-10 09:12:46.75185+00	\N	~	\N
2	4b9dc864-b217-4d03-a8ff-c4edc6d1d6c5	0.00	0.00	2023-05-10 09:32:26.044686+00	2023-05-10 09:32:26.044763+00	3	2023-05-10 09:32:26.05544+00	\N	+	\N
2	4b9dc864-b217-4d03-a8ff-c4edc6d1d6c5	30.00	35.40	2023-05-10 09:32:26.044686+00	2023-05-10 09:32:26.044763+00	4	2023-05-10 09:32:26.105417+00	\N	~	\N
\.


--
-- Data for Name: orders_orderdetail; Type: TABLE DATA; Schema: public; Owner: centribaluser
--

COPY public.orders_orderdetail (id, quantity, order_id, product_id) FROM stdin;
1	2	1	1
2	2	2	1
3	4	2	2
\.


--
-- Data for Name: orders_orders; Type: TABLE DATA; Schema: public; Owner: centribaluser
--

COPY public.orders_orders (id, reference, price_total, price_total_tax, created_date, modified_date) FROM stdin;
1	d8cf7d13-66e0-434c-85cd-6808c86c6324	10.00	11.20	2023-05-10 09:12:46.63328+00	2023-05-10 09:12:46.633308+00
2	4b9dc864-b217-4d03-a8ff-c4edc6d1d6c5	30.00	35.40	2023-05-10 09:32:26.044686+00	2023-05-10 09:32:26.044763+00
\.


--
-- Data for Name: products_historicalproducts; Type: TABLE DATA; Schema: public; Owner: centribaluser
--

COPY public.products_historicalproducts (id, reference, name, description, price, tax, stock, status, created_date, modified_date, history_id, history_date, history_change_reason, history_type, history_user_id) FROM stdin;
1	P-Product_1-1	Product 1	this is a fake product	10.00	12.00	100	t	2023-05-10 01:57:59.59758+00	2023-05-10 01:57:59.59763+00	1	2023-05-10 01:57:59.627113+00	\N	+	\N
2	P-Product_2-2	Product 2	this is a fake product	20.00	21.00	50	t	2023-05-10 09:09:47.842964+00	2023-05-10 09:09:47.842996+00	2	2023-05-10 09:09:47.861331+00	\N	+	\N
1	P-Product_1-1	Product 1	this is a fake product	10.00	12.00	98	t	2023-05-10 01:57:59.59758+00	2023-05-10 01:57:59.59763+00	3	2023-05-10 09:12:46.73149+00	\N	~	\N
1	P-Product_1-1	Product 1	this is a fake product	10.00	12.00	96	t	2023-05-10 01:57:59.59758+00	2023-05-10 01:57:59.59763+00	4	2023-05-10 09:32:26.076845+00	\N	~	\N
2	P-Product_2-2	Product 2	this is a fake product	20.00	21.00	46	t	2023-05-10 09:09:47.842964+00	2023-05-10 09:09:47.842996+00	5	2023-05-10 09:32:26.094266+00	\N	~	\N
\.


--
-- Data for Name: products_products; Type: TABLE DATA; Schema: public; Owner: centribaluser
--

COPY public.products_products (id, reference, name, description, price, tax, stock, status, created_date, modified_date) FROM stdin;
1	P-Product_1-1	Product 1	this is a fake product	10.00	12.00	96	t	2023-05-10 01:57:59.59758+00	2023-05-10 01:57:59.59763+00
2	P-Product_2-2	Product 2	this is a fake product	20.00	21.00	46	t	2023-05-10 09:09:47.842964+00	2023-05-10 09:09:47.842996+00
\.


--
-- Data for Name: users_historicaluserprofile; Type: TABLE DATA; Schema: public; Owner: centribaluser
--

COPY public.users_historicaluserprofile (id, password, last_login, is_superuser, username, first_name, last_name, is_staff, is_active, date_joined, email, address, zip_code, birth_date, phone_number, type_user, status, created_date, modified_date, history_id, history_date, history_change_reason, history_type, history_user_id) FROM stdin;
1	pbkdf2_sha256$600000$NdYfYCePtsS0lZ7zFlIBWr$LiO8t3hnOzaLnFGVNgAWYBCYQ1S+rVS2+8fmwVmY6jI=	\N	t	centribal			t	t	2023-05-09 22:59:50.374955+00	admin@centribal.com	\N	\N	\N	\N	1	t	2023-05-09 22:59:50.375028+00	2023-05-09 22:59:50.375049+00	1	2023-05-09 22:59:51.2116+00	\N	+	\N
1	pbkdf2_sha256$600000$NdYfYCePtsS0lZ7zFlIBWr$LiO8t3hnOzaLnFGVNgAWYBCYQ1S+rVS2+8fmwVmY6jI=	2023-05-10 01:56:59.706381+00	t	centribal			t	t	2023-05-09 22:59:50.374955+00	admin@centribal.com	\N	\N	\N	\N	1	t	2023-05-09 22:59:50.375028+00	2023-05-09 22:59:50.375049+00	2	2023-05-10 01:56:59.710796+00	\N	~	\N
2	!TXIeYOVnnCClh85mSQbBqTWA532L4FY7eanut1S9	\N	f	usuario	Roger	Zavarce	f	t	2023-05-10 02:49:03.919229+00	rogerzavarce@gmail.com	Calle de la granja de San Ildelfonso, 38	28051	\N	+34601491522	1	f	2023-05-10 02:49:03.925411+00	2023-05-10 02:49:03.925627+00	3	2023-05-10 02:49:03.9678+00	\N	+	\N
2	!TXIeYOVnnCClh85mSQbBqTWA532L4FY7eanut1S9	\N	f	usuario	Roger	Zavarce	f	t	2023-05-10 02:49:03.919229+00	rogerzavarce@gmail.com	Calle de la granja de San Ildelfonso, 38	28051	\N	+34601491522	1	f	2023-05-10 02:49:03.925411+00	2023-05-10 02:49:03.925627+00	4	2023-05-10 02:50:53.844224+00	\N	-	\N
3	!Uhc18YlGRwRaMW1ZIK0vxGhim2lHrginCyYxsHuV	\N	f	usuario	Roger	Zavarce	f	t	2023-05-10 02:51:15.620393+00	rogerzavarce@gmail.com	Calle de la granja de San Ildelfonso, 38	28051	\N	+34601491522	1	f	2023-05-10 02:51:15.620564+00	2023-05-10 02:51:15.620581+00	5	2023-05-10 02:51:15.625061+00	\N	+	\N
3	!Uhc18YlGRwRaMW1ZIK0vxGhim2lHrginCyYxsHuV	\N	f	usuario	Roger	Zavarce	f	t	2023-05-10 02:51:15.620393+00	rogerzavarce@gmail.com	Calle de la granja de San Ildelfonso, 38	28051	\N	+34601491522	1	f	2023-05-10 02:51:15.620564+00	2023-05-10 02:51:15.620581+00	6	2023-05-10 02:52:26.455619+00	\N	-	\N
4	!lecJJNgCR0kkquMkVxSwCm7cwByEkg6DMzqh5gTX	\N	f	usuario	Roger	Zavarce	f	t	2023-05-10 02:55:01.31163+00	rogerzavarce@gmail.com	Calle de la granja de San Ildelfonso, 38	28051	\N	+34601491522	1	f	2023-05-10 02:55:01.311984+00	2023-05-10 02:55:01.312004+00	7	2023-05-10 02:55:01.316648+00	\N	+	\N
4	!lecJJNgCR0kkquMkVxSwCm7cwByEkg6DMzqh5gTX	\N	f	usuario	Roger	Zavarce	f	t	2023-05-10 02:55:01.31163+00	rogerzavarce@gmail.com	Calle de la granja de San Ildelfonso, 38	28051	\N	+34601491522	1	f	2023-05-10 02:55:01.311984+00	2023-05-10 02:55:01.312004+00	8	2023-05-10 02:57:04.630628+00	\N	-	\N
5	!yBxXOs2rNQAQKIYQmKH2A3g3LPU3AUfslK45BK8s	\N	f	usuario	Roger	Zavarce	f	t	2023-05-10 02:58:22.951263+00	rogerzavarce@gmail.com	Calle de la granja de San Ildelfonso, 38	28051	\N	+34960149152	1	f	2023-05-10 02:58:22.951438+00	2023-05-10 02:58:22.951455+00	9	2023-05-10 02:58:22.958819+00	\N	+	\N
5	!yBxXOs2rNQAQKIYQmKH2A3g3LPU3AUfslK45BK8s	\N	f	usuario	Roger	Zavarce	f	t	2023-05-10 02:58:22.951263+00	rogerzavarce@gmail.com	Calle de la granja de San Ildelfonso, 38	28051	\N	+34960149152	1	f	2023-05-10 02:58:22.951438+00	2023-05-10 02:58:22.951455+00	10	2023-05-10 03:02:42.396904+00	\N	-	\N
6	!Vy4EvpUPN08tfrXXLm2azZqmHTL0h9RGGXdudbjP	\N	f	rzavarce	Roger	Zavarce	f	t	2023-05-10 03:22:50.272444+00	rogerzavarce@gmail.com	Calle de la granja de San Ildelfonso, 38	28051	1979-07-26	34601491522	1	f	2023-05-10 03:22:50.273573+00	2023-05-10 03:22:50.273639+00	11	2023-05-10 03:22:50.289471+00	\N	+	\N
6	!Vy4EvpUPN08tfrXXLm2azZqmHTL0h9RGGXdudbjP	\N	f	rzavarce	Roger	Zavarce	f	t	2023-05-10 03:22:50.272444+00	rogerzavarce@gmail.com	Calle de la granja de San Ildelfonso, 38	28051	1979-07-26	34601491522	1	f	2023-05-10 03:22:50.273573+00	2023-05-10 03:22:50.273639+00	12	2023-05-10 03:24:40.412793+00	\N	-	\N
7	!rlJ7jtyoeGHbl0eobTgXqJaGVSjKUTkzoVgK4yqe	\N	f	rzavarce	Roger	Zavarce	f	t	2023-05-10 03:25:14.236426+00	rogerzavarce@gmail.com	Calle de la granja de San Ildelfonso, 38	28051	1979-07-26	34601491522	1	f	2023-05-10 03:25:14.236581+00	2023-05-10 03:25:14.236599+00	13	2023-05-10 03:25:14.255075+00	\N	+	\N
7	!rlJ7jtyoeGHbl0eobTgXqJaGVSjKUTkzoVgK4yqe	\N	f	rzavarce	Roger	Zavarce	f	t	2023-05-10 03:25:14.236426+00	rogerzavarce@gmail.com	Calle de la granja de San Ildelfonso, 38	28051	1979-07-26	34601491522	1	t	2023-05-10 03:25:14.236581+00	2023-05-10 03:25:14.236599+00	14	2023-05-10 03:25:35.777406+00	\N	~	\N
7	!rlJ7jtyoeGHbl0eobTgXqJaGVSjKUTkzoVgK4yqe	2023-05-10 03:25:35.813543+00	f	rzavarce	Roger	Zavarce	f	t	2023-05-10 03:25:14.236426+00	rogerzavarce@gmail.com	Calle de la granja de San Ildelfonso, 38	28051	1979-07-26	34601491522	1	t	2023-05-10 03:25:14.236581+00	2023-05-10 03:25:14.236599+00	15	2023-05-10 03:25:35.834494+00	\N	~	\N
7	!rlJ7jtyoeGHbl0eobTgXqJaGVSjKUTkzoVgK4yqe	2023-05-10 03:25:35.813543+00	f	rzavarce	Roger	Zavarce	f	t	2023-05-10 03:25:14.236426+00	rogerzavarce@gmail.com	Calle de la granja de San Ildelfonso, 38	28051	1979-07-26	34601491522	1	t	2023-05-10 03:25:14.236581+00	2023-05-10 03:25:14.236599+00	16	2023-05-10 03:27:12.612354+00	\N	~	\N
7	!rlJ7jtyoeGHbl0eobTgXqJaGVSjKUTkzoVgK4yqe	2023-05-10 03:27:12.622701+00	f	rzavarce	Roger	Zavarce	f	t	2023-05-10 03:25:14.236426+00	rogerzavarce@gmail.com	Calle de la granja de San Ildelfonso, 38	28051	1979-07-26	34601491522	1	t	2023-05-10 03:25:14.236581+00	2023-05-10 03:25:14.236599+00	17	2023-05-10 03:27:12.627473+00	\N	~	\N
7	!rlJ7jtyoeGHbl0eobTgXqJaGVSjKUTkzoVgK4yqe	2023-05-10 03:27:12.622701+00	f	rzavarce	Roger	Zavarce	f	t	2023-05-10 03:25:14.236426+00	rogerzavarce@gmail.com	Calle de la granja de San Ildelfonso, 38	28051	1979-07-26	34601491522	1	t	2023-05-10 03:25:14.236581+00	2023-05-10 03:25:14.236599+00	18	2023-05-10 03:27:14.175408+00	\N	~	\N
7	!rlJ7jtyoeGHbl0eobTgXqJaGVSjKUTkzoVgK4yqe	2023-05-10 03:27:14.183946+00	f	rzavarce	Roger	Zavarce	f	t	2023-05-10 03:25:14.236426+00	rogerzavarce@gmail.com	Calle de la granja de San Ildelfonso, 38	28051	1979-07-26	34601491522	1	t	2023-05-10 03:25:14.236581+00	2023-05-10 03:25:14.236599+00	19	2023-05-10 03:27:14.185984+00	\N	~	\N
7	!rlJ7jtyoeGHbl0eobTgXqJaGVSjKUTkzoVgK4yqe	2023-05-10 03:27:14.183946+00	f	rzavarce	Roger	Zavarce	f	t	2023-05-10 03:25:14.236426+00	rogerzavarce@gmail.com	Calle de la granja de San Ildelfonso, 38	28051	1979-07-26	34601491522	1	t	2023-05-10 03:25:14.236581+00	2023-05-10 03:25:14.236599+00	20	2023-05-10 03:28:36.566158+00	\N	~	\N
7	!rlJ7jtyoeGHbl0eobTgXqJaGVSjKUTkzoVgK4yqe	2023-05-10 03:28:36.57312+00	f	rzavarce	Roger	Zavarce	f	t	2023-05-10 03:25:14.236426+00	rogerzavarce@gmail.com	Calle de la granja de San Ildelfonso, 38	28051	1979-07-26	34601491522	1	t	2023-05-10 03:25:14.236581+00	2023-05-10 03:25:14.236599+00	21	2023-05-10 03:28:36.575442+00	\N	~	\N
7	!rlJ7jtyoeGHbl0eobTgXqJaGVSjKUTkzoVgK4yqe	2023-05-10 03:28:36.57312+00	f	rzavarce	Roger	Zavarce	f	t	2023-05-10 03:25:14.236426+00	rogerzavarce@gmail.com	Calle de la granja de San Ildelfonso, 38	28051	1979-07-26	34601491522	1	t	2023-05-10 03:25:14.236581+00	2023-05-10 03:25:14.236599+00	22	2023-05-10 03:30:27.350917+00	\N	~	\N
7	!rlJ7jtyoeGHbl0eobTgXqJaGVSjKUTkzoVgK4yqe	2023-05-10 03:30:27.358696+00	f	rzavarce	Roger	Zavarce	f	t	2023-05-10 03:25:14.236426+00	rogerzavarce@gmail.com	Calle de la granja de San Ildelfonso, 38	28051	1979-07-26	34601491522	1	t	2023-05-10 03:25:14.236581+00	2023-05-10 03:25:14.236599+00	23	2023-05-10 03:30:27.360825+00	\N	~	\N
7	!rlJ7jtyoeGHbl0eobTgXqJaGVSjKUTkzoVgK4yqe	2023-05-10 03:30:27.358696+00	f	rzavarce	Roger	Zavarce	f	t	2023-05-10 03:25:14.236426+00	rogerzavarce@gmail.com	Calle de la granja de San Ildelfonso, 38	28051	1979-07-26	34601491522	1	t	2023-05-10 03:25:14.236581+00	2023-05-10 03:25:14.236599+00	24	2023-05-10 03:30:29.770922+00	\N	~	\N
7	!rlJ7jtyoeGHbl0eobTgXqJaGVSjKUTkzoVgK4yqe	2023-05-10 03:30:29.782858+00	f	rzavarce	Roger	Zavarce	f	t	2023-05-10 03:25:14.236426+00	rogerzavarce@gmail.com	Calle de la granja de San Ildelfonso, 38	28051	1979-07-26	34601491522	1	t	2023-05-10 03:25:14.236581+00	2023-05-10 03:25:14.236599+00	25	2023-05-10 03:30:29.784886+00	\N	~	\N
7	!rlJ7jtyoeGHbl0eobTgXqJaGVSjKUTkzoVgK4yqe	2023-05-10 03:30:29.782858+00	f	rzavarce	Roger	Zavarce	f	t	2023-05-10 03:25:14.236426+00	rogerzavarce@gmail.com	Calle de la granja de San Ildelfonso, 38	28051	1979-07-26	34601491522	1	t	2023-05-10 03:25:14.236581+00	2023-05-10 03:25:14.236599+00	26	2023-05-10 03:31:40.520223+00	\N	~	\N
7	!rlJ7jtyoeGHbl0eobTgXqJaGVSjKUTkzoVgK4yqe	2023-05-10 03:31:40.527884+00	f	rzavarce	Roger	Zavarce	f	t	2023-05-10 03:25:14.236426+00	rogerzavarce@gmail.com	Calle de la granja de San Ildelfonso, 38	28051	1979-07-26	34601491522	1	t	2023-05-10 03:25:14.236581+00	2023-05-10 03:25:14.236599+00	27	2023-05-10 03:31:40.531418+00	\N	~	\N
7	!rlJ7jtyoeGHbl0eobTgXqJaGVSjKUTkzoVgK4yqe	2023-05-10 03:31:40.527884+00	f	rzavarce	Roger	Zavarce	f	t	2023-05-10 03:25:14.236426+00	rogerzavarce@gmail.com	Calle de la granja de San Ildelfonso, 38	28051	1979-07-26	34601491522	1	t	2023-05-10 03:25:14.236581+00	2023-05-10 03:25:14.236599+00	28	2023-05-10 03:36:47.037215+00	\N	~	\N
7	!rlJ7jtyoeGHbl0eobTgXqJaGVSjKUTkzoVgK4yqe	2023-05-10 03:36:47.046449+00	f	rzavarce	Roger	Zavarce	f	t	2023-05-10 03:25:14.236426+00	rogerzavarce@gmail.com	Calle de la granja de San Ildelfonso, 38	28051	1979-07-26	34601491522	1	t	2023-05-10 03:25:14.236581+00	2023-05-10 03:25:14.236599+00	29	2023-05-10 03:36:47.048761+00	\N	~	\N
7	!rlJ7jtyoeGHbl0eobTgXqJaGVSjKUTkzoVgK4yqe	2023-05-10 03:36:47.046449+00	f	rzavarce	Roger	Zavarce	f	t	2023-05-10 03:25:14.236426+00	rogerzavarce@gmail.com	Calle de la granja de San Ildelfonso, 38	28051	1979-07-26	34601491522	1	t	2023-05-10 03:25:14.236581+00	2023-05-10 03:25:14.236599+00	30	2023-05-10 03:36:49.154183+00	\N	~	\N
7	!rlJ7jtyoeGHbl0eobTgXqJaGVSjKUTkzoVgK4yqe	2023-05-10 03:36:49.165988+00	f	rzavarce	Roger	Zavarce	f	t	2023-05-10 03:25:14.236426+00	rogerzavarce@gmail.com	Calle de la granja de San Ildelfonso, 38	28051	1979-07-26	34601491522	1	t	2023-05-10 03:25:14.236581+00	2023-05-10 03:25:14.236599+00	31	2023-05-10 03:36:49.168545+00	\N	~	\N
7	!rlJ7jtyoeGHbl0eobTgXqJaGVSjKUTkzoVgK4yqe	2023-05-10 03:36:49.165988+00	f	rzavarce	Roger	Zavarce	f	t	2023-05-10 03:25:14.236426+00	rogerzavarce@gmail.com	Calle de la granja de San Ildelfonso, 38	28051	1979-07-26	34601491522	1	t	2023-05-10 03:25:14.236581+00	2023-05-10 03:25:14.236599+00	32	2023-05-10 03:36:58.842248+00	\N	~	\N
7	!rlJ7jtyoeGHbl0eobTgXqJaGVSjKUTkzoVgK4yqe	2023-05-10 03:36:58.856086+00	f	rzavarce	Roger	Zavarce	f	t	2023-05-10 03:25:14.236426+00	rogerzavarce@gmail.com	Calle de la granja de San Ildelfonso, 38	28051	1979-07-26	34601491522	1	t	2023-05-10 03:25:14.236581+00	2023-05-10 03:25:14.236599+00	33	2023-05-10 03:36:58.858523+00	\N	~	\N
7	!rlJ7jtyoeGHbl0eobTgXqJaGVSjKUTkzoVgK4yqe	2023-05-10 03:36:58.856086+00	f	rzavarce	Roger	Zavarce	f	t	2023-05-10 03:25:14.236426+00	rogerzavarce@gmail.com	Calle de la granja de San Ildelfonso, 38	28051	1979-07-26	34601491522	1	t	2023-05-10 03:25:14.236581+00	2023-05-10 03:25:14.236599+00	34	2023-05-10 03:37:08.953516+00	\N	~	\N
7	!rlJ7jtyoeGHbl0eobTgXqJaGVSjKUTkzoVgK4yqe	2023-05-10 03:37:08.979202+00	f	rzavarce	Roger	Zavarce	f	t	2023-05-10 03:25:14.236426+00	rogerzavarce@gmail.com	Calle de la granja de San Ildelfonso, 38	28051	1979-07-26	34601491522	1	t	2023-05-10 03:25:14.236581+00	2023-05-10 03:25:14.236599+00	35	2023-05-10 03:37:08.985086+00	\N	~	\N
7	!rlJ7jtyoeGHbl0eobTgXqJaGVSjKUTkzoVgK4yqe	2023-05-10 03:37:08.979202+00	f	rzavarce	Roger	Zavarce	f	t	2023-05-10 03:25:14.236426+00	rogerzavarce@gmail.com	Calle de la granja de San Ildelfonso, 38	28051	1979-07-26	34601491522	1	t	2023-05-10 03:25:14.236581+00	2023-05-10 03:25:14.236599+00	36	2023-05-10 03:40:23.619525+00	\N	~	\N
7	!rlJ7jtyoeGHbl0eobTgXqJaGVSjKUTkzoVgK4yqe	2023-05-10 03:40:23.625927+00	f	rzavarce	Roger	Zavarce	f	t	2023-05-10 03:25:14.236426+00	rogerzavarce@gmail.com	Calle de la granja de San Ildelfonso, 38	28051	1979-07-26	34601491522	1	t	2023-05-10 03:25:14.236581+00	2023-05-10 03:25:14.236599+00	37	2023-05-10 03:40:23.628043+00	\N	~	\N
7	!rlJ7jtyoeGHbl0eobTgXqJaGVSjKUTkzoVgK4yqe	2023-05-10 03:40:23.625927+00	f	rzavarce	Roger	Zavarce	f	t	2023-05-10 03:25:14.236426+00	rogerzavarce@gmail.com	Calle de la granja de San Ildelfonso, 38	28051	1979-07-26	34601491522	1	t	2023-05-10 03:25:14.236581+00	2023-05-10 03:25:14.236599+00	38	2023-05-10 03:42:09.096388+00	\N	~	\N
7	!rlJ7jtyoeGHbl0eobTgXqJaGVSjKUTkzoVgK4yqe	2023-05-10 03:42:09.104227+00	f	rzavarce	Roger	Zavarce	f	t	2023-05-10 03:25:14.236426+00	rogerzavarce@gmail.com	Calle de la granja de San Ildelfonso, 38	28051	1979-07-26	34601491522	1	t	2023-05-10 03:25:14.236581+00	2023-05-10 03:25:14.236599+00	39	2023-05-10 03:42:09.106218+00	\N	~	\N
7	!m3ZdNhk91VRVqnpuPWgQouxuyDwwOROipY2Rw7a7	2023-05-10 03:42:09.104227+00	f	rzavarce	Roger	Zavarce	f	t	2023-05-10 03:25:14.236426+00	rogerzavarce@gmail.com	Calle de la granja de San Ildelfonso, 38	28051	1979-07-26	34601491522	1	t	2023-05-10 03:25:14.236581+00	2023-05-10 03:25:14.236599+00	40	2023-05-10 03:42:25.659096+00	\N	~	\N
1	pbkdf2_sha256$600000$NdYfYCePtsS0lZ7zFlIBWr$LiO8t3hnOzaLnFGVNgAWYBCYQ1S+rVS2+8fmwVmY6jI=	2023-05-10 03:44:51.2104+00	t	centribal			t	t	2023-05-09 22:59:50.374955+00	admin@centribal.com	\N	\N	\N	\N	1	t	2023-05-09 22:59:50.375028+00	2023-05-09 22:59:50.375049+00	41	2023-05-10 03:44:51.212773+00	\N	~	\N
7	!m3ZdNhk91VRVqnpuPWgQouxuyDwwOROipY2Rw7a7	2023-05-10 03:42:09.104227+00	f	rzavarce	Roger	Zavarce	f	t	2023-05-10 03:25:14.236426+00	rogerzavarce@gmail.com	Calle de la granja de San Ildelfonso, 38	28051	1979-07-26	34601491522	1	t	2023-05-10 03:25:14.236581+00	2023-05-10 03:25:14.236599+00	42	2023-05-10 03:45:07.032127+00	\N	-	\N
8	!uCZS1Ukyqrm68OMeg2tp1WdYHC5Zy9sC9OH1BOSF	\N	f	rzavarce	Roger	Zavarce	f	t	2023-05-10 03:46:49.562061+00	rogerzavarce@gmail.com	Calle de la granja de San Ildelfonso, 38	28051	1979-07-26	34601491522	1	f	2023-05-10 03:46:49.562335+00	2023-05-10 03:46:49.562366+00	43	2023-05-10 03:46:49.570343+00	\N	+	\N
8	!uCZS1Ukyqrm68OMeg2tp1WdYHC5Zy9sC9OH1BOSF	\N	f	rzavarce	Roger	Zavarce	f	t	2023-05-10 03:46:49.562061+00	rogerzavarce@gmail.com	Calle de la granja de San Ildelfonso, 38	28051	1979-07-26	34601491522	1	t	2023-05-10 03:46:49.562335+00	2023-05-10 03:46:49.562366+00	44	2023-05-10 03:46:56.369059+00	\N	~	\N
8	!uCZS1Ukyqrm68OMeg2tp1WdYHC5Zy9sC9OH1BOSF	2023-05-10 03:46:56.394108+00	f	rzavarce	Roger	Zavarce	f	t	2023-05-10 03:46:49.562061+00	rogerzavarce@gmail.com	Calle de la granja de San Ildelfonso, 38	28051	1979-07-26	34601491522	1	t	2023-05-10 03:46:49.562335+00	2023-05-10 03:46:49.562366+00	45	2023-05-10 03:46:56.399192+00	\N	~	\N
8	!4hNZImB5hHUlp26c5GK94XmjTMzSbFGP0UpQ08fn	2023-05-10 03:46:56.394108+00	f	rzavarce	Roger	Zavarce	f	t	2023-05-10 03:46:49.562061+00	rogerzavarce@gmail.com	Calle de la granja de San Ildelfonso, 38	28051	1979-07-26	34601491522	1	t	2023-05-10 03:46:49.562335+00	2023-05-10 03:46:49.562366+00	46	2023-05-10 03:49:08.744707+00	\N	~	\N
8	!zs0KxnOiw2Hehu2tupbfBHuQs5yu3fUpz2vheXyA	2023-05-10 03:46:56.394108+00	f	rzavarce	Roger	Zavarce	f	t	2023-05-10 03:46:49.562061+00	rogerzavarce@gmail.com	Calle de la granja de San Ildelfonso, 38	28051	1979-07-26	34601491522	1	t	2023-05-10 03:46:49.562335+00	2023-05-10 03:46:49.562366+00	47	2023-05-10 04:12:12.817408+00	\N	~	\N
1	pbkdf2_sha256$600000$NdYfYCePtsS0lZ7zFlIBWr$LiO8t3hnOzaLnFGVNgAWYBCYQ1S+rVS2+8fmwVmY6jI=	2023-05-10 05:28:24.842824+00	t	centribal			t	t	2023-05-09 22:59:50.374955+00	admin@centribal.com	\N	\N	\N	\N	1	t	2023-05-09 22:59:50.375028+00	2023-05-09 22:59:50.375049+00	48	2023-05-10 05:28:24.845176+00	\N	~	\N
8	!zs0KxnOiw2Hehu2tupbfBHuQs5yu3fUpz2vheXyA	2023-05-10 03:46:56+00	t	rzavarce	Roger	Zavarce	f	t	2023-05-10 03:46:49+00	rogerzavarce@gmail.com	Calle de la granja de San Ildelfonso, 38	28051	1979-07-26	+34601491522	1	t	2023-05-10 03:46:49.562335+00	2023-05-10 03:46:49.562366+00	49	2023-05-10 06:15:49.987612+00	\N	~	1
8	!zs0KxnOiw2Hehu2tupbfBHuQs5yu3fUpz2vheXyA	2023-05-10 03:46:56+00	t	rzavarce	Roger	Zavarce	f	t	2023-05-10 03:46:49+00	rogerzavarce@gmail.com	Calle de la granja de San Ildelfonso, 38	28051	1979-07-26	+34601491522	1	t	2023-05-10 03:46:49.562335+00	2023-05-10 03:46:49.562366+00	50	2023-05-10 06:16:31.147426+00	\N	-	\N
9	!byIEudpuaiZpPcYsyBT5qxU0yJkK8vBaYNTK2nKn	\N	f	rzavarce	Roger	Zavarce	f	t	2023-05-10 06:18:05.274123+00	rogerzavarce@gmail.com	Calle de la granja de San Ildelfonso, 38	28051	1979-07-26	34601491522	1	f	2023-05-10 06:18:05.274298+00	2023-05-10 06:18:05.274319+00	51	2023-05-10 06:18:05.296574+00	\N	+	\N
9	!byIEudpuaiZpPcYsyBT5qxU0yJkK8vBaYNTK2nKn	\N	f	rzavarce	Roger	Zavarce	f	t	2023-05-10 06:18:05.274123+00	rogerzavarce@gmail.com	Calle de la granja de San Ildelfonso, 38	28051	1979-07-26	34601491522	1	t	2023-05-10 06:18:05.274298+00	2023-05-10 06:18:05.274319+00	52	2023-05-10 06:18:16.72931+00	\N	~	\N
9	!byIEudpuaiZpPcYsyBT5qxU0yJkK8vBaYNTK2nKn	2023-05-10 06:18:16.768886+00	f	rzavarce	Roger	Zavarce	f	t	2023-05-10 06:18:05.274123+00	rogerzavarce@gmail.com	Calle de la granja de San Ildelfonso, 38	28051	1979-07-26	34601491522	1	t	2023-05-10 06:18:05.274298+00	2023-05-10 06:18:05.274319+00	53	2023-05-10 06:18:16.772064+00	\N	~	\N
9	!J1OaIUj3P7wmq4DR6pYQhoM3aIFbSFZM9b7c4tk2	2023-05-10 06:18:16.768886+00	f	rzavarce	Roger	Zavarce	f	t	2023-05-10 06:18:05.274123+00	rogerzavarce@gmail.com	Calle de la granja de San Ildelfonso, 38	28051	1979-07-26	34601491522	1	t	2023-05-10 06:18:05.274298+00	2023-05-10 06:18:05.274319+00	54	2023-05-10 06:18:30.649812+00	\N	~	\N
1	pbkdf2_sha256$600000$NdYfYCePtsS0lZ7zFlIBWr$LiO8t3hnOzaLnFGVNgAWYBCYQ1S+rVS2+8fmwVmY6jI=	2023-05-10 06:19:27.518791+00	t	centribal			t	t	2023-05-09 22:59:50.374955+00	admin@centribal.com	\N	\N	\N	\N	1	t	2023-05-09 22:59:50.375028+00	2023-05-09 22:59:50.375049+00	55	2023-05-10 06:19:27.521084+00	\N	~	\N
9	!J1OaIUj3P7wmq4DR6pYQhoM3aIFbSFZM9b7c4tk2	2023-05-10 06:18:16+00	t	rzavarce	Roger	Zavarce	f	t	2023-05-10 06:18:05+00	rogerzavarce@gmail.com	Calle de la granja de San Ildelfonso, 38	28051	1979-07-26	+34601491522	1	t	2023-05-10 06:18:05.274298+00	2023-05-10 06:18:05.274319+00	56	2023-05-10 06:20:08.949474+00	\N	~	1
1	pbkdf2_sha256$600000$NdYfYCePtsS0lZ7zFlIBWr$LiO8t3hnOzaLnFGVNgAWYBCYQ1S+rVS2+8fmwVmY6jI=	2023-05-10 06:22:52.030182+00	t	centribal			t	t	2023-05-09 22:59:50.374955+00	admin@centribal.com	\N	\N	\N	\N	1	t	2023-05-09 22:59:50.375028+00	2023-05-09 22:59:50.375049+00	57	2023-05-10 06:22:52.033784+00	\N	~	\N
9	!J1OaIUj3P7wmq4DR6pYQhoM3aIFbSFZM9b7c4tk2	2023-05-10 06:18:16+00	t	rzavarce	Roger	Zavarce	f	t	2023-05-10 06:18:05+00	rogerzavarce@gmail.com	Calle de la granja de San Ildelfonso, 38	28051	1979-07-26	+34601491522	1	t	2023-05-10 06:18:05.274298+00	2023-05-10 06:18:05.274319+00	58	2023-05-10 06:46:00.260246+00	\N	~	\N
9	!J1OaIUj3P7wmq4DR6pYQhoM3aIFbSFZM9b7c4tk2	2023-05-10 06:46:00.288871+00	t	rzavarce	Roger	Zavarce	f	t	2023-05-10 06:18:05+00	rogerzavarce@gmail.com	Calle de la granja de San Ildelfonso, 38	28051	1979-07-26	+34601491522	1	t	2023-05-10 06:18:05.274298+00	2023-05-10 06:18:05.274319+00	59	2023-05-10 06:46:00.295965+00	\N	~	\N
9	!usXhsykJi6tctKx176XsUwGVns84Q3eqzbYiFEra	2023-05-10 06:46:00.288871+00	t	rzavarce	Roger	Zavarce	f	t	2023-05-10 06:18:05+00	rogerzavarce@gmail.com	Calle de la granja de San Ildelfonso, 38	28051	1979-07-26	+34601491522	1	t	2023-05-10 06:18:05.274298+00	2023-05-10 06:18:05.274319+00	60	2023-05-10 06:46:24.766772+00	\N	~	\N
9	!usXhsykJi6tctKx176XsUwGVns84Q3eqzbYiFEra	2023-05-10 06:46:00.288871+00	t	rzavarce	Roger	Zavarce	f	t	2023-05-10 06:18:05+00	rogerzavarce@gmail.com	Calle de la granja de San Ildelfonso, 38	28051	1979-07-26	+34601491522	1	t	2023-05-10 06:18:05.274298+00	2023-05-10 06:18:05.274319+00	61	2023-05-10 07:18:22.165261+00	\N	~	\N
9	!usXhsykJi6tctKx176XsUwGVns84Q3eqzbYiFEra	2023-05-10 07:18:22.200833+00	t	rzavarce	Roger	Zavarce	f	t	2023-05-10 06:18:05+00	rogerzavarce@gmail.com	Calle de la granja de San Ildelfonso, 38	28051	1979-07-26	+34601491522	1	t	2023-05-10 06:18:05.274298+00	2023-05-10 06:18:05.274319+00	62	2023-05-10 07:18:22.20481+00	\N	~	\N
9	!usXhsykJi6tctKx176XsUwGVns84Q3eqzbYiFEra	2023-05-10 07:18:22.200833+00	t	rzavarce	Roger	Zavarce	f	t	2023-05-10 06:18:05+00	rogerzavarce@gmail.com	Calle de la granja de San Ildelfonso, 38	28051	1979-07-26	+34601491522	1	t	2023-05-10 06:18:05.274298+00	2023-05-10 06:18:05.274319+00	63	2023-05-10 07:22:10.979805+00	\N	~	\N
9	!usXhsykJi6tctKx176XsUwGVns84Q3eqzbYiFEra	2023-05-10 07:22:10.991574+00	t	rzavarce	Roger	Zavarce	f	t	2023-05-10 06:18:05+00	rogerzavarce@gmail.com	Calle de la granja de San Ildelfonso, 38	28051	1979-07-26	+34601491522	1	t	2023-05-10 06:18:05.274298+00	2023-05-10 06:18:05.274319+00	64	2023-05-10 07:22:10.994405+00	\N	~	\N
9	pbkdf2_sha256$600000$BQiuXeloXyopGmaqyQppx7$4f5ve1pwUp0q6orpoevQBVMNfjYylSoquoGUjG6zLwU=	2023-05-10 07:22:10.991574+00	t	rzavarce	Roger	Zavarce	f	t	2023-05-10 06:18:05+00	rogerzavarce@gmail.com	Calle de la granja de San Ildelfonso, 38	28051	1979-07-26	+34601491522	1	t	2023-05-10 06:18:05.274298+00	2023-05-10 06:18:05.274319+00	65	2023-05-10 07:22:34.865035+00	\N	~	\N
9	pbkdf2_sha256$600000$f3jWw7kZyW5MWUVpZOdbf8$SqI03QWrXcYB2b072nuwks2W2D0CoeOncB71Q7LQQFs=	2023-05-10 07:22:10.991574+00	t	rzavarce	Roger	Zavarce	f	t	2023-05-10 06:18:05+00	rogerzavarce@gmail.com	Calle de la granja de San Ildelfonso, 38	28051	1979-07-26	+34601491522	1	t	2023-05-10 06:18:05.274298+00	2023-05-10 06:18:05.274319+00	66	2023-05-10 08:53:23.365936+00	\N	~	\N
9	pbkdf2_sha256$600000$BX4yj6xdzZVr911n3LDqoJ$yLg3JtDNkSU/IjuTN+6wv3s8eA4Ctfx146ZW9VUp9Zs=	2023-05-10 07:22:10.991574+00	t	rzavarce	Roger	Zavarce	f	t	2023-05-10 06:18:05+00	rogerzavarce@gmail.com	Calle de la granja de San Ildelfonso, 38	28051	1979-07-26	+34601491522	1	t	2023-05-10 06:18:05.274298+00	2023-05-10 06:18:05.274319+00	67	2023-05-10 08:55:36.807991+00	\N	~	\N
\.


--
-- Data for Name: users_userprofile; Type: TABLE DATA; Schema: public; Owner: centribaluser
--

COPY public.users_userprofile (id, password, last_login, is_superuser, username, first_name, last_name, is_staff, is_active, date_joined, email, address, zip_code, birth_date, phone_number, type_user, status, created_date, modified_date) FROM stdin;
1	pbkdf2_sha256$600000$NdYfYCePtsS0lZ7zFlIBWr$LiO8t3hnOzaLnFGVNgAWYBCYQ1S+rVS2+8fmwVmY6jI=	2023-05-10 06:22:52.030182+00	t	centribal			t	t	2023-05-09 22:59:50.374955+00	admin@centribal.com	\N	\N	\N	\N	1	t	2023-05-09 22:59:50.375028+00	2023-05-09 22:59:50.375049+00
9	pbkdf2_sha256$600000$BX4yj6xdzZVr911n3LDqoJ$yLg3JtDNkSU/IjuTN+6wv3s8eA4Ctfx146ZW9VUp9Zs=	2023-05-10 07:22:10.991574+00	t	rzavarce	Roger	Zavarce	f	t	2023-05-10 06:18:05+00	rogerzavarce@gmail.com	Calle de la granja de San Ildelfonso, 38	28051	1979-07-26	+34601491522	1	t	2023-05-10 06:18:05.274298+00	2023-05-10 06:18:05.274319+00
\.


--
-- Data for Name: users_userprofile_groups; Type: TABLE DATA; Schema: public; Owner: centribaluser
--

COPY public.users_userprofile_groups (id, userprofile_id, group_id) FROM stdin;
\.


--
-- Data for Name: users_userprofile_user_permissions; Type: TABLE DATA; Schema: public; Owner: centribaluser
--

COPY public.users_userprofile_user_permissions (id, userprofile_id, permission_id) FROM stdin;
\.


--
-- Name: auth_group_id_seq; Type: SEQUENCE SET; Schema: public; Owner: centribaluser
--

SELECT pg_catalog.setval('public.auth_group_id_seq', 1, false);


--
-- Name: auth_group_permissions_id_seq; Type: SEQUENCE SET; Schema: public; Owner: centribaluser
--

SELECT pg_catalog.setval('public.auth_group_permissions_id_seq', 1, false);


--
-- Name: auth_permission_id_seq; Type: SEQUENCE SET; Schema: public; Owner: centribaluser
--

SELECT pg_catalog.setval('public.auth_permission_id_seq', 60, true);


--
-- Name: django_admin_log_id_seq; Type: SEQUENCE SET; Schema: public; Owner: centribaluser
--

SELECT pg_catalog.setval('public.django_admin_log_id_seq', 9, true);


--
-- Name: django_content_type_id_seq; Type: SEQUENCE SET; Schema: public; Owner: centribaluser
--

SELECT pg_catalog.setval('public.django_content_type_id_seq', 15, true);


--
-- Name: django_migrations_id_seq; Type: SEQUENCE SET; Schema: public; Owner: centribaluser
--

SELECT pg_catalog.setval('public.django_migrations_id_seq', 28, true);


--
-- Name: django_rest_passwordreset_resetpasswordtoken_id_seq; Type: SEQUENCE SET; Schema: public; Owner: centribaluser
--

SELECT pg_catalog.setval('public.django_rest_passwordreset_resetpasswordtoken_id_seq', 1, true);


--
-- Name: orders_historicalorders_history_id_seq; Type: SEQUENCE SET; Schema: public; Owner: centribaluser
--

SELECT pg_catalog.setval('public.orders_historicalorders_history_id_seq', 4, true);


--
-- Name: orders_orderdetail_id_seq; Type: SEQUENCE SET; Schema: public; Owner: centribaluser
--

SELECT pg_catalog.setval('public.orders_orderdetail_id_seq', 3, true);


--
-- Name: orders_orders_id_seq; Type: SEQUENCE SET; Schema: public; Owner: centribaluser
--

SELECT pg_catalog.setval('public.orders_orders_id_seq', 2, true);


--
-- Name: products_historicalproducts_history_id_seq; Type: SEQUENCE SET; Schema: public; Owner: centribaluser
--

SELECT pg_catalog.setval('public.products_historicalproducts_history_id_seq', 5, true);


--
-- Name: products_products_id_seq; Type: SEQUENCE SET; Schema: public; Owner: centribaluser
--

SELECT pg_catalog.setval('public.products_products_id_seq', 2, true);


--
-- Name: users_historicaluserprofile_history_id_seq; Type: SEQUENCE SET; Schema: public; Owner: centribaluser
--

SELECT pg_catalog.setval('public.users_historicaluserprofile_history_id_seq', 67, true);


--
-- Name: users_userprofile_groups_id_seq; Type: SEQUENCE SET; Schema: public; Owner: centribaluser
--

SELECT pg_catalog.setval('public.users_userprofile_groups_id_seq', 1, false);


--
-- Name: users_userprofile_id_seq; Type: SEQUENCE SET; Schema: public; Owner: centribaluser
--

SELECT pg_catalog.setval('public.users_userprofile_id_seq', 9, true);


--
-- Name: users_userprofile_user_permissions_id_seq; Type: SEQUENCE SET; Schema: public; Owner: centribaluser
--

SELECT pg_catalog.setval('public.users_userprofile_user_permissions_id_seq', 1, false);


--
-- Name: auth_group auth_group_name_key; Type: CONSTRAINT; Schema: public; Owner: centribaluser
--

ALTER TABLE ONLY public.auth_group
    ADD CONSTRAINT auth_group_name_key UNIQUE (name);


--
-- Name: auth_group_permissions auth_group_permissions_group_id_permission_id_0cd325b0_uniq; Type: CONSTRAINT; Schema: public; Owner: centribaluser
--

ALTER TABLE ONLY public.auth_group_permissions
    ADD CONSTRAINT auth_group_permissions_group_id_permission_id_0cd325b0_uniq UNIQUE (group_id, permission_id);


--
-- Name: auth_group_permissions auth_group_permissions_pkey; Type: CONSTRAINT; Schema: public; Owner: centribaluser
--

ALTER TABLE ONLY public.auth_group_permissions
    ADD CONSTRAINT auth_group_permissions_pkey PRIMARY KEY (id);


--
-- Name: auth_group auth_group_pkey; Type: CONSTRAINT; Schema: public; Owner: centribaluser
--

ALTER TABLE ONLY public.auth_group
    ADD CONSTRAINT auth_group_pkey PRIMARY KEY (id);


--
-- Name: auth_permission auth_permission_content_type_id_codename_01ab375a_uniq; Type: CONSTRAINT; Schema: public; Owner: centribaluser
--

ALTER TABLE ONLY public.auth_permission
    ADD CONSTRAINT auth_permission_content_type_id_codename_01ab375a_uniq UNIQUE (content_type_id, codename);


--
-- Name: auth_permission auth_permission_pkey; Type: CONSTRAINT; Schema: public; Owner: centribaluser
--

ALTER TABLE ONLY public.auth_permission
    ADD CONSTRAINT auth_permission_pkey PRIMARY KEY (id);


--
-- Name: authtoken_token authtoken_token_pkey; Type: CONSTRAINT; Schema: public; Owner: centribaluser
--

ALTER TABLE ONLY public.authtoken_token
    ADD CONSTRAINT authtoken_token_pkey PRIMARY KEY (key);


--
-- Name: authtoken_token authtoken_token_user_id_key; Type: CONSTRAINT; Schema: public; Owner: centribaluser
--

ALTER TABLE ONLY public.authtoken_token
    ADD CONSTRAINT authtoken_token_user_id_key UNIQUE (user_id);


--
-- Name: django_admin_log django_admin_log_pkey; Type: CONSTRAINT; Schema: public; Owner: centribaluser
--

ALTER TABLE ONLY public.django_admin_log
    ADD CONSTRAINT django_admin_log_pkey PRIMARY KEY (id);


--
-- Name: django_content_type django_content_type_app_label_model_76bd3d3b_uniq; Type: CONSTRAINT; Schema: public; Owner: centribaluser
--

ALTER TABLE ONLY public.django_content_type
    ADD CONSTRAINT django_content_type_app_label_model_76bd3d3b_uniq UNIQUE (app_label, model);


--
-- Name: django_content_type django_content_type_pkey; Type: CONSTRAINT; Schema: public; Owner: centribaluser
--

ALTER TABLE ONLY public.django_content_type
    ADD CONSTRAINT django_content_type_pkey PRIMARY KEY (id);


--
-- Name: django_migrations django_migrations_pkey; Type: CONSTRAINT; Schema: public; Owner: centribaluser
--

ALTER TABLE ONLY public.django_migrations
    ADD CONSTRAINT django_migrations_pkey PRIMARY KEY (id);


--
-- Name: django_rest_passwordreset_resetpasswordtoken django_rest_passwordreset_resetpasswordtoken_key_f1b65873_uniq; Type: CONSTRAINT; Schema: public; Owner: centribaluser
--

ALTER TABLE ONLY public.django_rest_passwordreset_resetpasswordtoken
    ADD CONSTRAINT django_rest_passwordreset_resetpasswordtoken_key_f1b65873_uniq UNIQUE (key);


--
-- Name: django_rest_passwordreset_resetpasswordtoken django_rest_passwordreset_resetpasswordtoken_pkey; Type: CONSTRAINT; Schema: public; Owner: centribaluser
--

ALTER TABLE ONLY public.django_rest_passwordreset_resetpasswordtoken
    ADD CONSTRAINT django_rest_passwordreset_resetpasswordtoken_pkey PRIMARY KEY (id);


--
-- Name: django_session django_session_pkey; Type: CONSTRAINT; Schema: public; Owner: centribaluser
--

ALTER TABLE ONLY public.django_session
    ADD CONSTRAINT django_session_pkey PRIMARY KEY (session_key);


--
-- Name: orders_historicalorders orders_historicalorders_pkey; Type: CONSTRAINT; Schema: public; Owner: centribaluser
--

ALTER TABLE ONLY public.orders_historicalorders
    ADD CONSTRAINT orders_historicalorders_pkey PRIMARY KEY (history_id);


--
-- Name: orders_orderdetail orders_orderdetail_pkey; Type: CONSTRAINT; Schema: public; Owner: centribaluser
--

ALTER TABLE ONLY public.orders_orderdetail
    ADD CONSTRAINT orders_orderdetail_pkey PRIMARY KEY (id);


--
-- Name: orders_orders orders_orders_pkey; Type: CONSTRAINT; Schema: public; Owner: centribaluser
--

ALTER TABLE ONLY public.orders_orders
    ADD CONSTRAINT orders_orders_pkey PRIMARY KEY (id);


--
-- Name: products_historicalproducts products_historicalproducts_pkey; Type: CONSTRAINT; Schema: public; Owner: centribaluser
--

ALTER TABLE ONLY public.products_historicalproducts
    ADD CONSTRAINT products_historicalproducts_pkey PRIMARY KEY (history_id);


--
-- Name: products_products products_products_pkey; Type: CONSTRAINT; Schema: public; Owner: centribaluser
--

ALTER TABLE ONLY public.products_products
    ADD CONSTRAINT products_products_pkey PRIMARY KEY (id);


--
-- Name: users_historicaluserprofile users_historicaluserprofile_pkey; Type: CONSTRAINT; Schema: public; Owner: centribaluser
--

ALTER TABLE ONLY public.users_historicaluserprofile
    ADD CONSTRAINT users_historicaluserprofile_pkey PRIMARY KEY (history_id);


--
-- Name: users_userprofile users_userprofile_email_key; Type: CONSTRAINT; Schema: public; Owner: centribaluser
--

ALTER TABLE ONLY public.users_userprofile
    ADD CONSTRAINT users_userprofile_email_key UNIQUE (email);


--
-- Name: users_userprofile_groups users_userprofile_groups_pkey; Type: CONSTRAINT; Schema: public; Owner: centribaluser
--

ALTER TABLE ONLY public.users_userprofile_groups
    ADD CONSTRAINT users_userprofile_groups_pkey PRIMARY KEY (id);


--
-- Name: users_userprofile_groups users_userprofile_groups_userprofile_id_group_id_823cf2fc_uniq; Type: CONSTRAINT; Schema: public; Owner: centribaluser
--

ALTER TABLE ONLY public.users_userprofile_groups
    ADD CONSTRAINT users_userprofile_groups_userprofile_id_group_id_823cf2fc_uniq UNIQUE (userprofile_id, group_id);


--
-- Name: users_userprofile users_userprofile_pkey; Type: CONSTRAINT; Schema: public; Owner: centribaluser
--

ALTER TABLE ONLY public.users_userprofile
    ADD CONSTRAINT users_userprofile_pkey PRIMARY KEY (id);


--
-- Name: users_userprofile_user_permissions users_userprofile_user_p_userprofile_id_permissio_d0215190_uniq; Type: CONSTRAINT; Schema: public; Owner: centribaluser
--

ALTER TABLE ONLY public.users_userprofile_user_permissions
    ADD CONSTRAINT users_userprofile_user_p_userprofile_id_permissio_d0215190_uniq UNIQUE (userprofile_id, permission_id);


--
-- Name: users_userprofile_user_permissions users_userprofile_user_permissions_pkey; Type: CONSTRAINT; Schema: public; Owner: centribaluser
--

ALTER TABLE ONLY public.users_userprofile_user_permissions
    ADD CONSTRAINT users_userprofile_user_permissions_pkey PRIMARY KEY (id);


--
-- Name: users_userprofile users_userprofile_username_key; Type: CONSTRAINT; Schema: public; Owner: centribaluser
--

ALTER TABLE ONLY public.users_userprofile
    ADD CONSTRAINT users_userprofile_username_key UNIQUE (username);


--
-- Name: auth_group_name_a6ea08ec_like; Type: INDEX; Schema: public; Owner: centribaluser
--

CREATE INDEX auth_group_name_a6ea08ec_like ON public.auth_group USING btree (name varchar_pattern_ops);


--
-- Name: auth_group_permissions_group_id_b120cbf9; Type: INDEX; Schema: public; Owner: centribaluser
--

CREATE INDEX auth_group_permissions_group_id_b120cbf9 ON public.auth_group_permissions USING btree (group_id);


--
-- Name: auth_group_permissions_permission_id_84c5c92e; Type: INDEX; Schema: public; Owner: centribaluser
--

CREATE INDEX auth_group_permissions_permission_id_84c5c92e ON public.auth_group_permissions USING btree (permission_id);


--
-- Name: auth_permission_content_type_id_2f476e4b; Type: INDEX; Schema: public; Owner: centribaluser
--

CREATE INDEX auth_permission_content_type_id_2f476e4b ON public.auth_permission USING btree (content_type_id);


--
-- Name: authtoken_token_key_10f0b77e_like; Type: INDEX; Schema: public; Owner: centribaluser
--

CREATE INDEX authtoken_token_key_10f0b77e_like ON public.authtoken_token USING btree (key varchar_pattern_ops);


--
-- Name: django_admin_log_content_type_id_c4bce8eb; Type: INDEX; Schema: public; Owner: centribaluser
--

CREATE INDEX django_admin_log_content_type_id_c4bce8eb ON public.django_admin_log USING btree (content_type_id);


--
-- Name: django_admin_log_user_id_c564eba6; Type: INDEX; Schema: public; Owner: centribaluser
--

CREATE INDEX django_admin_log_user_id_c564eba6 ON public.django_admin_log USING btree (user_id);


--
-- Name: django_rest_passwordreset_resetpasswordtoken_key_f1b65873_like; Type: INDEX; Schema: public; Owner: centribaluser
--

CREATE INDEX django_rest_passwordreset_resetpasswordtoken_key_f1b65873_like ON public.django_rest_passwordreset_resetpasswordtoken USING btree (key varchar_pattern_ops);


--
-- Name: django_rest_passwordreset_resetpasswordtoken_user_id_e8015b11; Type: INDEX; Schema: public; Owner: centribaluser
--

CREATE INDEX django_rest_passwordreset_resetpasswordtoken_user_id_e8015b11 ON public.django_rest_passwordreset_resetpasswordtoken USING btree (user_id);


--
-- Name: django_session_expire_date_a5c62663; Type: INDEX; Schema: public; Owner: centribaluser
--

CREATE INDEX django_session_expire_date_a5c62663 ON public.django_session USING btree (expire_date);


--
-- Name: django_session_session_key_c0390e0f_like; Type: INDEX; Schema: public; Owner: centribaluser
--

CREATE INDEX django_session_session_key_c0390e0f_like ON public.django_session USING btree (session_key varchar_pattern_ops);


--
-- Name: orders_historicalorders_history_date_6a92b332; Type: INDEX; Schema: public; Owner: centribaluser
--

CREATE INDEX orders_historicalorders_history_date_6a92b332 ON public.orders_historicalorders USING btree (history_date);


--
-- Name: orders_historicalorders_history_user_id_174db0f3; Type: INDEX; Schema: public; Owner: centribaluser
--

CREATE INDEX orders_historicalorders_history_user_id_174db0f3 ON public.orders_historicalorders USING btree (history_user_id);


--
-- Name: orders_historicalorders_id_21852b47; Type: INDEX; Schema: public; Owner: centribaluser
--

CREATE INDEX orders_historicalorders_id_21852b47 ON public.orders_historicalorders USING btree (id);


--
-- Name: orders_orderdetail_order_id_8d02dd1f; Type: INDEX; Schema: public; Owner: centribaluser
--

CREATE INDEX orders_orderdetail_order_id_8d02dd1f ON public.orders_orderdetail USING btree (order_id);


--
-- Name: orders_orderdetail_product_id_3ecd225e; Type: INDEX; Schema: public; Owner: centribaluser
--

CREATE INDEX orders_orderdetail_product_id_3ecd225e ON public.orders_orderdetail USING btree (product_id);


--
-- Name: products_historicalproducts_history_date_4db6a83b; Type: INDEX; Schema: public; Owner: centribaluser
--

CREATE INDEX products_historicalproducts_history_date_4db6a83b ON public.products_historicalproducts USING btree (history_date);


--
-- Name: products_historicalproducts_history_user_id_3df14fc4; Type: INDEX; Schema: public; Owner: centribaluser
--

CREATE INDEX products_historicalproducts_history_user_id_3df14fc4 ON public.products_historicalproducts USING btree (history_user_id);


--
-- Name: products_historicalproducts_id_60d14466; Type: INDEX; Schema: public; Owner: centribaluser
--

CREATE INDEX products_historicalproducts_id_60d14466 ON public.products_historicalproducts USING btree (id);


--
-- Name: users_historicaluserprofile_email_bde0a558; Type: INDEX; Schema: public; Owner: centribaluser
--

CREATE INDEX users_historicaluserprofile_email_bde0a558 ON public.users_historicaluserprofile USING btree (email);


--
-- Name: users_historicaluserprofile_email_bde0a558_like; Type: INDEX; Schema: public; Owner: centribaluser
--

CREATE INDEX users_historicaluserprofile_email_bde0a558_like ON public.users_historicaluserprofile USING btree (email varchar_pattern_ops);


--
-- Name: users_historicaluserprofile_history_date_065f81d5; Type: INDEX; Schema: public; Owner: centribaluser
--

CREATE INDEX users_historicaluserprofile_history_date_065f81d5 ON public.users_historicaluserprofile USING btree (history_date);


--
-- Name: users_historicaluserprofile_history_user_id_116a519e; Type: INDEX; Schema: public; Owner: centribaluser
--

CREATE INDEX users_historicaluserprofile_history_user_id_116a519e ON public.users_historicaluserprofile USING btree (history_user_id);


--
-- Name: users_historicaluserprofile_id_475713ca; Type: INDEX; Schema: public; Owner: centribaluser
--

CREATE INDEX users_historicaluserprofile_id_475713ca ON public.users_historicaluserprofile USING btree (id);


--
-- Name: users_historicaluserprofile_username_adf90210; Type: INDEX; Schema: public; Owner: centribaluser
--

CREATE INDEX users_historicaluserprofile_username_adf90210 ON public.users_historicaluserprofile USING btree (username);


--
-- Name: users_historicaluserprofile_username_adf90210_like; Type: INDEX; Schema: public; Owner: centribaluser
--

CREATE INDEX users_historicaluserprofile_username_adf90210_like ON public.users_historicaluserprofile USING btree (username varchar_pattern_ops);


--
-- Name: users_userprofile_email_ee577bf6_like; Type: INDEX; Schema: public; Owner: centribaluser
--

CREATE INDEX users_userprofile_email_ee577bf6_like ON public.users_userprofile USING btree (email varchar_pattern_ops);


--
-- Name: users_userprofile_groups_group_id_3de53dbf; Type: INDEX; Schema: public; Owner: centribaluser
--

CREATE INDEX users_userprofile_groups_group_id_3de53dbf ON public.users_userprofile_groups USING btree (group_id);


--
-- Name: users_userprofile_groups_userprofile_id_a4496a80; Type: INDEX; Schema: public; Owner: centribaluser
--

CREATE INDEX users_userprofile_groups_userprofile_id_a4496a80 ON public.users_userprofile_groups USING btree (userprofile_id);


--
-- Name: users_userprofile_user_permissions_permission_id_393136b6; Type: INDEX; Schema: public; Owner: centribaluser
--

CREATE INDEX users_userprofile_user_permissions_permission_id_393136b6 ON public.users_userprofile_user_permissions USING btree (permission_id);


--
-- Name: users_userprofile_user_permissions_userprofile_id_34544737; Type: INDEX; Schema: public; Owner: centribaluser
--

CREATE INDEX users_userprofile_user_permissions_userprofile_id_34544737 ON public.users_userprofile_user_permissions USING btree (userprofile_id);


--
-- Name: users_userprofile_username_085fa49f_like; Type: INDEX; Schema: public; Owner: centribaluser
--

CREATE INDEX users_userprofile_username_085fa49f_like ON public.users_userprofile USING btree (username varchar_pattern_ops);


--
-- Name: auth_group_permissions auth_group_permissio_permission_id_84c5c92e_fk_auth_perm; Type: FK CONSTRAINT; Schema: public; Owner: centribaluser
--

ALTER TABLE ONLY public.auth_group_permissions
    ADD CONSTRAINT auth_group_permissio_permission_id_84c5c92e_fk_auth_perm FOREIGN KEY (permission_id) REFERENCES public.auth_permission(id) DEFERRABLE INITIALLY DEFERRED;


--
-- Name: auth_group_permissions auth_group_permissions_group_id_b120cbf9_fk_auth_group_id; Type: FK CONSTRAINT; Schema: public; Owner: centribaluser
--

ALTER TABLE ONLY public.auth_group_permissions
    ADD CONSTRAINT auth_group_permissions_group_id_b120cbf9_fk_auth_group_id FOREIGN KEY (group_id) REFERENCES public.auth_group(id) DEFERRABLE INITIALLY DEFERRED;


--
-- Name: auth_permission auth_permission_content_type_id_2f476e4b_fk_django_co; Type: FK CONSTRAINT; Schema: public; Owner: centribaluser
--

ALTER TABLE ONLY public.auth_permission
    ADD CONSTRAINT auth_permission_content_type_id_2f476e4b_fk_django_co FOREIGN KEY (content_type_id) REFERENCES public.django_content_type(id) DEFERRABLE INITIALLY DEFERRED;


--
-- Name: authtoken_token authtoken_token_user_id_35299eff_fk_users_userprofile_id; Type: FK CONSTRAINT; Schema: public; Owner: centribaluser
--

ALTER TABLE ONLY public.authtoken_token
    ADD CONSTRAINT authtoken_token_user_id_35299eff_fk_users_userprofile_id FOREIGN KEY (user_id) REFERENCES public.users_userprofile(id) DEFERRABLE INITIALLY DEFERRED;


--
-- Name: django_admin_log django_admin_log_content_type_id_c4bce8eb_fk_django_co; Type: FK CONSTRAINT; Schema: public; Owner: centribaluser
--

ALTER TABLE ONLY public.django_admin_log
    ADD CONSTRAINT django_admin_log_content_type_id_c4bce8eb_fk_django_co FOREIGN KEY (content_type_id) REFERENCES public.django_content_type(id) DEFERRABLE INITIALLY DEFERRED;


--
-- Name: django_admin_log django_admin_log_user_id_c564eba6_fk_users_userprofile_id; Type: FK CONSTRAINT; Schema: public; Owner: centribaluser
--

ALTER TABLE ONLY public.django_admin_log
    ADD CONSTRAINT django_admin_log_user_id_c564eba6_fk_users_userprofile_id FOREIGN KEY (user_id) REFERENCES public.users_userprofile(id) DEFERRABLE INITIALLY DEFERRED;


--
-- Name: django_rest_passwordreset_resetpasswordtoken django_rest_password_user_id_e8015b11_fk_users_use; Type: FK CONSTRAINT; Schema: public; Owner: centribaluser
--

ALTER TABLE ONLY public.django_rest_passwordreset_resetpasswordtoken
    ADD CONSTRAINT django_rest_password_user_id_e8015b11_fk_users_use FOREIGN KEY (user_id) REFERENCES public.users_userprofile(id) DEFERRABLE INITIALLY DEFERRED;


--
-- Name: orders_historicalorders orders_historicalord_history_user_id_174db0f3_fk_users_use; Type: FK CONSTRAINT; Schema: public; Owner: centribaluser
--

ALTER TABLE ONLY public.orders_historicalorders
    ADD CONSTRAINT orders_historicalord_history_user_id_174db0f3_fk_users_use FOREIGN KEY (history_user_id) REFERENCES public.users_userprofile(id) DEFERRABLE INITIALLY DEFERRED;


--
-- Name: orders_orderdetail orders_orderdetail_order_id_8d02dd1f_fk_orders_orders_id; Type: FK CONSTRAINT; Schema: public; Owner: centribaluser
--

ALTER TABLE ONLY public.orders_orderdetail
    ADD CONSTRAINT orders_orderdetail_order_id_8d02dd1f_fk_orders_orders_id FOREIGN KEY (order_id) REFERENCES public.orders_orders(id) DEFERRABLE INITIALLY DEFERRED;


--
-- Name: orders_orderdetail orders_orderdetail_product_id_3ecd225e_fk_products_products_id; Type: FK CONSTRAINT; Schema: public; Owner: centribaluser
--

ALTER TABLE ONLY public.orders_orderdetail
    ADD CONSTRAINT orders_orderdetail_product_id_3ecd225e_fk_products_products_id FOREIGN KEY (product_id) REFERENCES public.products_products(id) DEFERRABLE INITIALLY DEFERRED;


--
-- Name: products_historicalproducts products_historicalp_history_user_id_3df14fc4_fk_users_use; Type: FK CONSTRAINT; Schema: public; Owner: centribaluser
--

ALTER TABLE ONLY public.products_historicalproducts
    ADD CONSTRAINT products_historicalp_history_user_id_3df14fc4_fk_users_use FOREIGN KEY (history_user_id) REFERENCES public.users_userprofile(id) DEFERRABLE INITIALLY DEFERRED;


--
-- Name: users_historicaluserprofile users_historicaluser_history_user_id_116a519e_fk_users_use; Type: FK CONSTRAINT; Schema: public; Owner: centribaluser
--

ALTER TABLE ONLY public.users_historicaluserprofile
    ADD CONSTRAINT users_historicaluser_history_user_id_116a519e_fk_users_use FOREIGN KEY (history_user_id) REFERENCES public.users_userprofile(id) DEFERRABLE INITIALLY DEFERRED;


--
-- Name: users_userprofile_groups users_userprofile_gr_userprofile_id_a4496a80_fk_users_use; Type: FK CONSTRAINT; Schema: public; Owner: centribaluser
--

ALTER TABLE ONLY public.users_userprofile_groups
    ADD CONSTRAINT users_userprofile_gr_userprofile_id_a4496a80_fk_users_use FOREIGN KEY (userprofile_id) REFERENCES public.users_userprofile(id) DEFERRABLE INITIALLY DEFERRED;


--
-- Name: users_userprofile_groups users_userprofile_groups_group_id_3de53dbf_fk_auth_group_id; Type: FK CONSTRAINT; Schema: public; Owner: centribaluser
--

ALTER TABLE ONLY public.users_userprofile_groups
    ADD CONSTRAINT users_userprofile_groups_group_id_3de53dbf_fk_auth_group_id FOREIGN KEY (group_id) REFERENCES public.auth_group(id) DEFERRABLE INITIALLY DEFERRED;


--
-- Name: users_userprofile_user_permissions users_userprofile_us_permission_id_393136b6_fk_auth_perm; Type: FK CONSTRAINT; Schema: public; Owner: centribaluser
--

ALTER TABLE ONLY public.users_userprofile_user_permissions
    ADD CONSTRAINT users_userprofile_us_permission_id_393136b6_fk_auth_perm FOREIGN KEY (permission_id) REFERENCES public.auth_permission(id) DEFERRABLE INITIALLY DEFERRED;


--
-- Name: users_userprofile_user_permissions users_userprofile_us_userprofile_id_34544737_fk_users_use; Type: FK CONSTRAINT; Schema: public; Owner: centribaluser
--

ALTER TABLE ONLY public.users_userprofile_user_permissions
    ADD CONSTRAINT users_userprofile_us_userprofile_id_34544737_fk_users_use FOREIGN KEY (userprofile_id) REFERENCES public.users_userprofile(id) DEFERRABLE INITIALLY DEFERRED;


--
-- PostgreSQL database dump complete
--

